Id,Label
00000,4
00007,2
00008,0
00012,3
00013,2
00014,3
00018,4
00020,9
00022,1
00023,4
00025,4
00029,2
00030,7
00032,0
00043,0
00044,7
00045,1
00048,3
00049,1
00051,7
00052,2
00056,2
00057,2
00059,1
00063,6
00065,7
00067,2
00069,5
00070,6
00071,4
00073,2
00076,6
00078,3
00080,9
00083,2
00084,3
00085,1
00087,6
00088,2
00091,2
00093,6
00096,4
00099,7
00100,2
00102,2
00104,5
00105,0
00108,5
00109,1
00111,3
00115,6
00118,6
00120,2
00121,4
00123,0
00124,3
00128,0
00132,4
00134,1
00135,7
00139,1
00140,2
00141,6
00142,2
00144,6
00149,2
00151,2
00152,6
00155,4
00156,2
00157,6
00158,6
00162,2
00163,3
00166,8
00168,0
00170,6
00173,6
00174,3
00175,5
00176,2
00177,1
00178,1
00179,1
00183,7
00184,2
00185,3
00188,6
00191,6
00192,2
00194,2
00195,4
00196,1
00198,2
00199,0
00203,0
00205,7
00207,1
00208,0
00209,4
00210,6
00211,6
00212,4
00213,1
00218,0
00219,0
00220,2
00221,0
00222,2
00226,1
00227,9
00229,7
00230,2
00231,5
00233,2
00237,2
00238,1
00239,2
00240,1
00243,1
00246,1
00247,6
00251,6
00252,0
00254,0
00256,2
00257,2
00259,0
00261,5
00263,0
00266,2
00269,2
00270,9
00272,0
00273,7
00275,0
00276,6
00277,1
00278,1
00279,7
00281,4
00282,1
00283,9
00286,2
00287,2
00288,6
00289,1
00290,6
00291,4
00294,1
00296,2
00297,0
00298,1
00299,2
00300,1
00303,3
00304,7
00305,0
00306,0
00307,1
00308,1
00309,2
00311,0
00313,9
00314,2
00315,4
00316,5
00318,1
00321,1
00322,1
00324,1
00325,0
00331,4
00332,9
00340,1
00342,1
00343,8
00344,2
00346,2
00347,2
00348,1
00349,6
00350,9
00351,2
00352,1
00353,1
00354,1
00358,2
00360,1
00361,2
00365,2
00366,2
00367,1
00368,5
00370,1
00374,7
00377,0
00380,6
00381,1
00382,2
00383,5
00386,2
00387,1
00393,1
00394,2
00402,3
00406,2
00407,2
00408,1
00409,1
00410,5
00411,6
00414,5
00415,6
00416,2
00420,1
00421,2
00422,9
00423,6
00424,4
00425,4
00426,2
00427,2
00429,1
00430,3
00432,1
00433,1
00435,1
00436,7
00438,7
00439,3
00440,1
00443,6
00444,1
00445,6
00447,0
00449,3
00450,2
00456,2
00457,2
00458,4
00460,0
00461,6
00462,4
00463,0
00464,1
00471,4
00472,2
00478,6
00479,0
00480,6
00482,2
00483,1
00485,9
00486,0
00489,5
00491,1
00494,2
00495,6
00497,5
00498,1
00500,7
00503,3
00506,1
00507,2
00508,2
00509,1
00511,2
00514,0
00518,2
00519,0
00521,1
00522,7
00526,0
00527,2
00528,2
00529,2
00530,6
00532,7
00533,1
00534,0
00535,2
00538,0
00542,2
00543,3
00544,1
00547,0
00548,2
00549,2
00552,4
00553,1
00554,8
00555,6
00556,0
00557,7
00560,1
00561,3
00564,6
00565,9
00567,4
00568,1
00570,2
00571,2
00572,1
00573,1
00575,2
00581,2
00582,9
00583,1
00585,7
00588,7
00590,2
00591,6
00594,4
00596,0
00597,2
00598,1
00599,0
00601,1
00602,5
00604,2
00605,1
00607,1
00610,2
00611,3
00612,0
00613,0
00617,2
00618,2
00620,1
00621,2
00626,2
00629,1
00630,6
00632,0
00636,5
00637,1
00642,4
00643,1
00644,1
00647,4
00649,1
00650,6
00651,4
00654,1
00655,7
00657,2
00662,2
00664,0
00668,7
00670,2
00672,1
00674,2
00676,1
00677,6
00678,1
00679,2
00680,0
00682,5
00685,0
00686,1
00690,2
00691,1
00693,3
00694,0
00695,2
00697,1
00700,0
00705,6
00707,2
00714,1
00715,2
00718,1
00719,2
00727,2
00729,1
00731,4
00733,3
00736,0
00741,0
00742,7
00744,1
00746,4
00748,6
00749,7
00751,2
00754,0
00755,2
00756,1
00759,2
00761,2
00764,5
00765,2
00767,3
00772,2
00776,3
00778,3
00781,3
00782,6
00783,4
00785,6
00786,6
00787,5
00788,1
00789,9
00790,1
00792,0
00794,2
00798,0
00800,1
00801,1
00802,0
00803,2
00805,6
00807,9
00808,1
00809,5
00810,1
00811,0
00812,0
00817,1
00819,3
00821,1
00829,2
00831,5
00834,1
00836,2
00838,2
00839,9
00840,9
00841,0
00842,7
00843,1
00844,2
00845,3
00847,3
00855,1
00856,1
00857,3
00858,9
00859,6
00861,1
00862,6
00864,0
00866,0
00867,1
00869,9
00871,2
00873,2
00874,1
00879,2
00881,1
00883,0
00885,1
00886,6
00887,2
00888,2
00889,2
00890,0
00891,7
00897,3
00898,1
00900,1
00902,6
00903,9
00906,2
00907,3
00908,1
00910,2
00911,3
00912,3
00915,2
00916,3
00917,2
00923,6
00926,3
00927,4
00929,2
00930,1
00931,0
00932,0
00937,5
00940,2
00941,2
00942,2
00944,1
00945,2
00947,0
00949,0
00952,2
00958,1
00961,2
00962,6
00964,1
00965,4
00968,0
00969,0
00970,1
00973,5
00976,4
00978,7
00979,1
00986,1
00988,0
00990,9
00993,6
00998,2
00999,1
01000,7
01001,2
01003,5
01004,1
01005,2
01007,0
01010,2
01011,3
01014,1
01017,5
01018,0
01023,7
01024,2
01025,1
01027,6
01029,5
01032,0
01033,4
01034,4
01036,2
01037,6
01041,4
01044,0
01047,1
01048,2
01050,0
01052,1
01053,2
01054,1
01055,1
01056,2
01057,1
01058,3
01061,2
01064,2
01068,1
01071,1
01072,2
01073,2
01075,1
01078,7
01080,1
01083,1
01084,0
01087,2
01088,0
01089,1
01090,6
01091,6
01093,7
01094,2
01096,0
01097,4
01098,6
01099,1
01100,2
01102,7
01103,9
01105,1
01106,6
01110,1
01113,1
01114,1
01116,1
01117,8
01123,2
01124,9
01125,2
01127,1
01128,9
01133,5
01134,1
01135,2
01137,1
01146,1
01149,6
01151,4
01157,1
01159,9
01161,6
01170,1
01173,9
01174,2
01177,0
01178,1
01179,9
01185,1
01186,1
01187,2
01188,7
01189,2
01190,0
01192,6
01195,7
01196,0
01200,1
01204,0
01206,3
01207,1
01208,2
01210,0
01211,9
01213,1
01216,1
01220,2
01221,1
01222,2
01225,3
01226,2
01228,2
01229,6
01230,9
01231,6
01233,6
01234,1
01235,6
01236,3
01237,1
01239,1
01241,2
01242,2
01244,1
01247,2
01251,2
01253,7
01255,2
01259,3
01260,1
01261,2
01263,2
01264,1
01265,6
01268,3
01269,1
01270,1
01271,9
01272,2
01273,1
01278,0
01281,2
01283,1
01285,3
01286,2
01288,2
01289,2
01292,1
01293,0
01295,3
01298,9
01299,0
01302,1
01307,7
01309,1
01313,1
01316,0
01317,4
01320,6
01321,0
01322,6
01323,2
01326,1
01330,4
01334,7
01336,2
01337,5
01338,3
01340,1
01343,5
01344,3
01345,1
01349,1
01350,1
01351,0
01352,3
01356,0
01357,0
01359,0
01360,6
01361,2
01362,2
01364,2
01366,7
01368,0
01370,1
01373,1
01374,0
01375,5
01376,2
01377,6
01378,5
01381,1
01385,3
01391,0
01392,1
01393,2
01395,0
01397,2
01398,7
01399,1
01402,1
01405,6
01406,3
01407,4
01410,0
01411,1
01412,3
01413,8
01417,0
01419,1
01421,4
01422,1
01423,2
01425,1
01426,6
01427,1
01429,1
01431,1
01432,2
01435,1
01436,4
01437,1
01442,1
01444,2
01446,5
01448,7
01450,6
01451,4
01453,4
01454,1
01455,1
01456,3
01457,2
01459,0
01461,0
01462,0
01465,2
01467,1
01468,6
01472,0
01474,0
01475,0
01476,2
01477,3
01480,6
01483,6
01487,6
01488,7
01491,1
01494,1
01497,5
01498,1
01502,2
01503,5
01505,6
01506,1
01507,1
01509,0
01510,6
01511,1
01512,6
01517,2
01518,4
01525,5
01532,2
01533,0
01536,2
01537,6
01538,2
01543,2
01545,1
01547,1
01551,2
01552,6
01553,2
01554,1
01556,1
01557,2
01558,3
01559,4
01562,1
01563,1
01565,1
01566,6
01567,6
01569,4
01572,4
01575,1
01576,1
01577,8
01578,3
01580,2
01582,1
01583,0
01584,3
01586,0
01587,2
01588,1
01590,4
01591,1
01593,2
01596,0
01600,8
01601,0
01602,2
01606,6
01608,6
01609,6
01610,2
01611,0
01612,5
01613,6
01614,1
01616,5
01618,1
01620,0
01621,1
01624,1
01626,1
01628,0
01637,2
01640,2
01641,0
01642,0
01644,6
01650,2
01653,7
01655,1
01657,1
01659,0
01660,7
01662,8
01665,2
01670,5
01671,4
01672,1
01674,0
01675,2
01677,1
01681,1
01684,6
01688,6
01689,2
01690,2
01691,0
01694,1
01697,8
01702,1
01703,1
01706,1
01709,1
01710,2
01711,0
01712,3
01713,1
01714,2
01717,9
01718,5
01720,1
01721,0
01723,1
01725,7
01727,4
01729,0
01730,1
01731,6
01732,2
01735,1
01736,5
01737,1
01738,6
01739,3
01740,1
01741,6
01742,0
01743,2
01744,6
01745,1
01746,6
01748,6
01749,2
01756,3
01760,2
01763,0
01764,0
01765,1
01766,1
01767,0
01769,8
01770,2
01775,4
01776,6
01777,1
01778,1
01779,1
01780,0
01786,1
01788,4
01791,0
01795,2
01797,2
01800,7
01801,1
01803,7
01805,7
01808,5
01809,1
01811,3
01813,1
01814,2
01815,6
01817,3
01818,2
01820,2
01829,4
01831,2
01832,3
01833,2
01835,0
01837,8
01839,2
01840,1
01842,1
01844,9
01845,0
01846,1
01847,3
01850,1
01859,2
01860,0
01861,6
01862,2
01864,7
01866,0
01867,3
01868,7
01869,1
01872,1
01874,9
01877,2
01880,2
01882,6
01883,5
01889,5
01891,1
01896,1
01898,1
01902,1
01904,2
01907,2
01910,1
01911,2
01912,1
01913,1
01915,1
01916,0
01918,1
01921,6
01922,2
01924,1
01925,2
01926,0
01929,3
01933,2
01936,0
01937,2
01938,1
01939,1
01940,3
01941,6
01945,2
01947,2
01948,1
01949,4
01950,0
01951,6
01952,1
01953,3
01954,2
01956,2
01957,4
01960,1
01961,1
01962,2
01963,6
01965,0
01966,1
01967,1
01971,8
01972,8
01973,9
01977,6
01978,7
01979,0
01980,6
01985,2
01988,0
01991,7
01992,1
01993,9
01995,5
02004,2
02005,0
02007,2
02008,0
02009,2
02011,2
02014,4
02015,2
02016,5
02018,9
02019,0
02022,1
02023,6
02024,1
02025,1
02028,0
02029,1
02030,5
02031,1
02032,6
02033,1
02037,1
02044,5
02045,2
02050,4
02051,6
02053,2
02057,2
02058,6
02059,1
02063,3
02066,1
02073,2
02078,1
02079,0
02080,5
02083,5
02086,2
02087,2
02090,2
02091,0
02093,2
02096,2
02097,2
02098,1
02102,8
02103,2
02104,7
02107,0
02108,2
02112,5
02113,1
02115,4
02119,0
02123,7
02126,0
02129,1
02130,1
02131,2
02132,6
02134,3
02138,6
02144,3
02148,3
02149,2
02151,2
02153,1
02155,2
02159,1
02161,2
02162,2
02163,2
02164,1
02166,1
02167,7
02171,1
02174,7
02177,1
02179,2
02181,1
02183,1
02188,5
02189,1
02190,2
02194,2
02195,1
02202,5
02203,1
02204,2
02206,3
02208,2
02209,2
02210,0
02211,5
02212,6
02213,1
02215,2
02216,6
02218,2
02219,7
02221,7
02225,2
02227,4
02230,2
02232,5
02234,2
02236,1
02240,4
02241,3
02242,6
02243,6
02244,0
02246,3
02247,0
02248,0
02249,0
02250,1
02251,4
02254,1
02256,1
02258,1
02259,0
02260,1
02262,1
02263,6
02266,0
02269,6
02272,1
02273,2
02274,3
02275,2
02276,0
02279,8
02281,2
02282,2
02287,0
02288,1
02289,2
02291,1
02292,6
02293,2
02295,9
02298,6
02299,7
02302,1
02303,0
02304,9
02307,0
02308,1
02310,2
02312,1
02318,1
02320,6
02321,7
02325,5
02328,6
02330,2
02334,2
02338,9
02339,6
02340,3
02342,5
02344,0
02346,4
02347,7
02348,2
02349,0
02350,2
02354,2
02355,1
02356,2
02357,2
02358,1
02359,1
02362,6
02364,0
02366,4
02367,2
02369,6
02375,1
02377,3
02378,2
02379,2
02380,3
02382,0
02383,2
02387,2
02389,6
02390,6
02392,1
02397,2
02400,2
02402,6
02403,1
02404,2
02405,2
02406,2
02407,2
02409,4
02410,2
02414,4
02416,0
02418,2
02421,9
02422,6
02425,2
02428,0
02430,2
02431,4
02436,5
02439,6
02441,2
02442,2
02443,1
02447,8
02448,5
02452,1
02457,2
02460,9
02462,2
02464,6
02465,2
02466,2
02468,2
02471,1
02472,1
02473,1
02476,3
02478,0
02480,2
02482,6
02484,6
02486,1
02487,2
02488,1
02490,0
02493,8
02494,4
02496,1
02498,2
02501,2
02503,1
02505,0
02506,0
02508,1
02509,6
02510,0
02512,3
02513,1
02515,0
02519,0
02522,1
02523,4
02525,7
02527,2
02528,1
02529,1
02530,6
02533,0
02541,1
02542,4
02543,1
02545,7
02547,1
02548,1
02551,0
02553,6
02554,6
02561,1
02564,4
02567,4
02570,1
02574,4
02575,2
02578,1
02580,3
02581,2
02582,3
02583,2
02586,0
02588,2
02593,7
02595,3
02597,7
02601,7
02602,1
02603,2
02605,1
02606,2
02607,2
02609,2
02610,2
02611,0
02618,5
02621,9
02626,4
02627,5
02629,1
02630,0
02631,1
02633,2
02634,2
02636,1
02638,3
02639,6
02641,1
02642,0
02643,2
02644,0
02645,1
02646,1
02648,7
02650,1
02651,1
02655,0
02657,3
02658,2
02661,2
02666,3
02667,6
02669,8
02670,2
02671,9
02672,0
02673,1
02677,1
02678,0
02679,6
02681,2
02682,2
02683,4
02684,1
02689,0
02691,7
02692,2
02699,9
02700,7
02702,1
02704,2
02706,9
02707,2
02709,3
02711,1
02713,1
02714,7
02716,3
02718,2
02719,6
02721,2
02722,2
02725,2
02726,4
02727,0
02728,0
02730,2
02733,1
02739,2
02740,1
02741,1
02744,2
02745,2
02746,0
02748,6
02749,2
02750,6
02753,7
02755,2
02757,0
02759,4
02760,5
02761,1
02763,3
02764,1
02765,3
02768,0
02769,3
02770,7
02771,1
02772,3
02775,6
02776,2
02778,2
02780,7
02783,1
02785,1
02786,0
02788,2
02789,3
02791,1
02792,0
02794,7
02795,4
02798,1
02800,2
02801,6
02802,2
02803,1
02805,1
02806,3
02807,7
02808,5
02810,6
02812,6
02813,5
02817,0
02819,2
02820,2
02821,6
02823,2
02826,3
02827,2
02828,1
02829,1
02830,0
02835,2
02838,9
02839,0
02841,2
02844,2
02847,4
02849,2
02850,1
02851,2
02852,1
02855,0
02857,2
02858,3
02861,2
02862,2
02864,2
02866,3
02870,9
02872,4
02874,3
02876,1
02878,9
02881,6
02882,7
02892,5
02896,1
02897,0
02899,2
02900,9
02901,6
02903,1
02906,2
02907,1
02908,1
02909,6
02910,1
02911,7
02916,2
02917,0
02918,2
02920,2
02922,1
02923,7
02926,1
02928,4
02931,0
02932,5
02935,9
02936,2
02940,0
02943,6
02947,2
02948,0
02949,0
02950,1
02951,0
02953,0
02957,1
02959,2
02961,2
02963,1
02966,8
02967,2
02969,6
02972,6
02973,1
02975,1
02976,6
02979,2
02980,1
02982,2
02983,2
02986,2
02987,2
02990,9
02992,0
02994,2
02995,3
02998,1
03000,9
03008,1
03009,2
03013,1
03015,4
03016,7
03020,2
03021,6
03023,0
03024,1
03026,4
03027,7
03033,2
03035,1
03036,1
03037,5
03038,0
03040,2
03044,4
03045,0
03046,2
03047,8
03049,5
03051,1
03055,5
03057,6
03059,5
03060,4
03065,2
03068,2
03069,3
03073,6
03074,0
03075,0
03076,0
03078,2
03079,6
03080,6
03081,0
03083,6
03084,0
03086,1
03088,1
03089,0
